{
  "muzem-ring-yellow-gold-natural-muzem_001.jpg": {
    "focusX": 0.4996868162540206,
    "focusY": 0.499677819969183
  },
  "muzem-ring-yellow-gold-drop-cut-muzem_002.jpg": {
    "focusX": 0.49970771589546537,
    "focusY": 0.4997599298293816
  },
  "muzem-ring-yellow-gold-oval-muzem_003.jpg": {
    "focusX": 0.4997057099265869,
    "focusY": 0.49969377078050703
  },
  "muzem-ring-yellow-gold-rectangular-muzem_004.jpg": {
    "focusX": 0.49968127415329655,
    "focusY": 0.49970229401623323
  },
  "muzem-earrings-silver-carved-muzem_005.jpg": {
    "focusX": 0.48341334225118127,
    "focusY": 0.6116655833998577
  },
  "muzem-bracelet-yellow-gold-natural-muzem_006.jpg": {
    "focusX": 0.5623254599240108,
    "focusY": 0.7314294424433438
  },
  "muzem-bracelet-white-gold-natural-muzem_007.jpg": {
    "focusX": 0.5389424253829975,
    "focusY": 0.6367949260696741
  },
  "muzem-bracelet-other-natural-muzem_008.jpg": {
    "focusX": 0.4848634876160329,
    "focusY": 0.4958952175214955
  },
  "muzem-bracelet-other-natural-muzem_009.jpg": {
    "focusX": 0.511256096915989,
    "focusY": 0.5413523694231582
  },
  "muzem-bracelet-other-natural-muzem_010.jpg": {
    "focusX": 0.44308065964282206,
    "focusY": 0.5443874770275389
  },
  "muzem-bracelet-yellow-gold-natural-muzem_011.jpg": {
    "focusX": 0.5035072825605842,
    "focusY": 0.46702692172918747
  },
  "muzem-bracelet-yellow-gold-natural-muzem_012.jpg": {
    "focusX": 0.5144312953009202,
    "focusY": 0.5500156262724978
  },
  "muzem-chain-white-gold-natural-muzem_013.jpg": {
    "focusX": 0.48523348746804884,
    "focusY": 0.4755294793737575
  },
  "muzem-chain-white-gold-natural-muzem_014.jpg": {
    "focusX": 0.48523348746804884,
    "focusY": 0.4755294793737575
  },
  "muzem-ring-silver-natural-muzem_015.jpg": {
    "focusX": 0.47713227421070004,
    "focusY": 0.5540055828535807
  },
  "muzem-ring-silver-natural-muzem_016.jpg": {
    "focusX": 0.4894566215290999,
    "focusY": 0.45498976670279134
  },
  "muzem-ring-silver-natural-muzem_017.jpg": {
    "focusX": 0.5447694799935201,
    "focusY": 0.5595083225336142
  },
  "muzem-ring-silver-natural-muzem_018.jpg": {
    "focusX": 0.5105096191856634,
    "focusY": 0.8435722893881495
  },
  "muzem-ring-silver-natural-muzem_019.jpg": {
    "focusX": 0.510255342601578,
    "focusY": 0.47207791865322135
  },
  "muzem-ring-silver-natural-muzem_020.jpg": {
    "focusX": 0.46639398846102836,
    "focusY": 0.5536709044387461
  },
  "muzem-ring-silver-carved-muzem_021.jpg": {
    "focusX": 0.4770219904537565,
    "focusY": 0.6823137806280007
  },
  "muzem-ring-silver-carved-muzem_022.jpg": {
    "focusX": 0.4834195376613205,
    "focusY": 0.6431867934245922
  },
  "muzem-ring-silver-carved-muzem_023.jpg": {
    "focusX": 0.49099521001588214,
    "focusY": 0.5657253721319231
  },
  "muzem-ring-white-gold-natural-muzem_024.jpg": {
    "focusX": 0.49884435934471094,
    "focusY": 0.48355055817671105
  },
  "muzem-ring-yellow-gold-natural-muzem_025.jpg": {
    "focusX": 0.5036950927194184,
    "focusY": 0.7443966553840481
  },
  "muzem-ring-yellow-gold-natural-muzem_026.jpg": {
    "focusX": 0.5059230308320511,
    "focusY": 0.511404596697834
  },
  "muzem-ring-yellow-gold-natural-muzem_027.jpg": {
    "focusX": 0.49076354905798875,
    "focusY": 0.49706217885979936
  },
  "muzem-ring-yellow-gold-natural-muzem_028.jpg": {
    "focusX": 0.4853460306150865,
    "focusY": 0.762596723853934
  },
  "muzem-ring-yellow-gold-natural-muzem_029.jpg": {
    "focusX": 0.5086580698725924,
    "focusY": 0.44165039387672844
  },
  "muzem-pendant-yellow-gold-carved-muzem_030.jpg": {
    "focusX": 0.44632345485092806,
    "focusY": 0.5054353482985217
  },
  "muzem-pendant-yellow-gold-carved-muzem_031.jpg": {
    "focusX": 0.4979175380297082,
    "focusY": 0.3927010854060693
  },
  "muzem-pendant-yellow-gold-carved-muzem_032.jpg": {
    "focusX": 0.4707268154617019,
    "focusY": 0.7144754685589105
  },
  "muzem-pendant-yellow-gold-carved-muzem_033.jpg": {
    "focusX": 0.4970189076385781,
    "focusY": 0.5449573137107602
  },
  "muzem-pendant-yellow-gold-trapiche-muzem_034.jpg": {
    "focusX": 0.49079013650293957,
    "focusY": 0.5175301711107868
  },
  "muzem-pendant-silver-natural-muzem_035.jpg": {
    "focusX": 0.4871200596218791,
    "focusY": 0.580655323475253
  },
  "muzem-pendant-silver-natural-muzem_036.jpg": {
    "focusX": 0.5064491497193037,
    "focusY": 0.5278640770513409
  },
  "muzem-pendant-silver-carved-muzem_037.jpg": {
    "focusX": 0.5101681138671456,
    "focusY": 0.6608588817164222
  },
  "muzem-pendant-silver-carved-muzem_038.jpg": {
    "focusX": 0.48718919894762985,
    "focusY": 0.48040654005721806
  },
  "muzem-pendant-silver-carved-muzem_039.jpg": {
    "focusX": 0.49986711627906977,
    "focusY": 0.6040396744186046
  },
  "muzem-pendant-silver-carved-muzem_040.jpg": {
    "focusX": 0.4792111136914899,
    "focusY": 0.4784348766148871
  },
  "muzem-pendant-silver-carved-muzem_041.jpg": {
    "focusX": 0.4632640136694151,
    "focusY": 0.5167168896622949
  },
  "muzem-pendant-silver-carved-muzem_042.jpg": {
    "focusX": 0.4920384799035918,
    "focusY": 0.6139317711846636
  },
  "muzem-pendant-silver-carved-muzem_043.jpg": {
    "focusX": 0.4911687551176558,
    "focusY": 0.5273670500154368
  },
  "muzem-pendant-silver-carved-muzem_044.jpg": {
    "focusX": 0.4808224363459504,
    "focusY": 0.4834726974470119
  },
  "muzem-pendant-white-gold-natural-muzem_045.jpg": {
    "focusX": 0.4946179041984858,
    "focusY": 0.3179672904853987
  },
  "muzem-pendant-white-gold-natural-muzem_046.jpg": {
    "focusX": 0.49420892314851095,
    "focusY": 0.43801283307210026
  },
  "muzem-pendant-white-gold-natural-muzem_047.jpg": {
    "focusX": 0.4061571402469662,
    "focusY": 0.8963788597987119
  },
  "muzem-pendant-white-gold-natural-muzem_048.jpg": {
    "focusX": 0.4913267653893892,
    "focusY": 0.3980648222726913
  },
  "muzem-pendant-white-gold-natural-muzem_049.jpg": {
    "focusX": 0.5059001993949395,
    "focusY": 0.45028743018532624
  },
  "muzem-pendant-white-gold-natural-muzem_050.jpg": {
    "focusX": 0.4892871865682096,
    "focusY": 0.6825254272478037
  },
  "muzem-pendant-yellow-gold-natural-muzem_051.jpg": {
    "focusX": 0.4963166141350467,
    "focusY": 0.5324226118317372
  },
  "muzem-pendant-yellow-gold-natural-muzem_052.jpg": {
    "focusX": 0.5322610746117088,
    "focusY": 0.3967206275033378
  },
  "muzem-pendant-yellow-gold-natural-muzem_053.jpg": {
    "focusX": 0.4951464644736442,
    "focusY": 0.3383665062201539
  },
  "muzem-pendant-yellow-gold-natural-muzem_054.jpg": {
    "focusX": 0.5024818786478472,
    "focusY": 0.47601202545241167
  },
  "muzem-pendant-yellow-gold-natural-muzem_055.jpg": {
    "focusX": 0.48411016752840014,
    "focusY": 0.4273442277756157
  },
  "muzem-pendant-yellow-gold-natural-muzem_056.jpg": {
    "focusX": 0.5054812826529709,
    "focusY": 0.5074151686885682
  },
  "muzem-pendant-yellow-gold-natural-muzem_057.jpg": {
    "focusX": 0.4918629376775155,
    "focusY": 0.5069741103855288
  },
  "muzem-pendant-yellow-gold-natural-muzem_058.jpg": {
    "focusX": 0.5090847435009666,
    "focusY": 0.44092046798811274
  },
  "muzem-pendant-yellow-gold-natural-muzem_059.jpg": {
    "focusX": 0.5024675166378196,
    "focusY": 0.47522516865557285
  },
  "muzem-bracelet-silver-natural-muzem_060.jpg": {
    "focusX": 0.46951973567179023,
    "focusY": 0.5198303682608495
  },
  "muzem-bracelet-silver-natural-muzem_061.jpg": {
    "focusX": 0.47045632008223576,
    "focusY": 0.6298348768814374
  },
  "muzem-ring-platinum-natural-muzem_062.jpg": {
    "focusX": 0.5082941747998599,
    "focusY": 0.6040024050869339
  },
  "muzem-ring-yellow-gold-natural-muzem_063.jpg": {
    "focusX": 0.49972403297942947,
    "focusY": 0.49972767648091204
  },
  "muzem-ring-yellow-gold-natural-muzem_064.jpg": {
    "focusX": 0.4996191348939187,
    "focusY": 0.4997391603031185
  },